postgres, mongo_simple, monogo_embedded
2.079, 1779.124531, 21.254003
29.018, 3832.084046, 31.05148
410.912, 15033.006838, 68.237972
