postgres, mongo_simple, monogo_embedded
0.088, 85.427009, 70.69442
0.069, 103.27178, 144.796195
0.07, 233.131518, 145.216928
